Header,Frequency
Content-Length,50200
Date,50152
Content-Type,49778
Server,43436
Last-Modified,43302
Accept-Ranges,43167
Cache-Control,39123
Etag,33273
Vary,24671
Expires,20932
X-Content-Type-Options,17465
Access-Control-Allow-Origin,17455
Cf-Ray,16411
Cf-Cache-Status,16295
Alt-Svc,15654
Strict-Transport-Security,15086
Report-To,13486
X-Xss-Protection,13281
Nel,13089
Age,11506
X-Frame-Options,9105
Timing-Allow-Origin,8227
Server-Timing,6609
X-Powered-By,6312
Cf-Bgj,6208
Access-Control-Expose-Headers,6039
Content-Security-Policy,5542
X-Request-Id,5066
X-Cache,4768
Access-Control-Allow-Headers,4378
Access-Control-Allow-Methods,4307
X-Dc,4252
Source-Length,4242
Source-Type,4242
Via,4162
Referrer-Policy,4035
X-Amz-Request-Id,3993
Cf-Polished,3925
Link,3643
X-Amz-Id-2,3297
Content-Disposition,2912
X-Served-By,2852
X-Download-Options,2678
X-Permitted-Cross-Domain-Policies,2670
Cross-Origin-Resource-Policy,2349
X-Sorting-Hat-Podid,2252
X-Sorting-Hat-Shopid,2249
X-Timer,2015
X-Cache-Hits,2014
X-Amz-Server-Side-Encryption,1940
X-Amz-Version-Id,1891
Access-Control-Allow-Credentials,1833
Access-Control-Max-Age,1611
Set-Cookie,1538
Pragma,1398
Cf-Apo-Via,1173
Permissions-Policy,907
X-Imgix-Id,836
X-Imgix-Render-Farm,836
X-Nc,834
P3P,803
X-Aspnet-Version,796
X-Powered-By-Plesk,794
X-Azure-Ref,786
X-Serial,785
X-Check-Cacheable,782
Fastly-Stats,749
X-Bytes-Saved,739
X-Amz-Replication-Status,736
Content-Encoding,698
Cdn-Pullzone,608
Cdn-Uid,608
Cdn-Requestcountrycode,608
Cdn-Cachedat,608
Cdn-Proxyver,608
Cdn-Requestpullcode,608
Cdn-Requestpullsuccess,608
Cdn-Edgestorageid,608
Cdn-Status,608
Cdn-Requestid,608
Cdn-Cache,608
Fastly-Io-Info,600
X-Gumlet-Pc,600
X-Gumlet-Reqid,600
X-Gumlet-Runtime,600
X-Rgw-Object-Type,600
X-Envoy-Upstream-Healthchecked-Cluster,600
Request-Context,600
Expect-Ct,600
X-Ua-Compatible,593
X-Varnish,587
X-Robots-Tag,578
Mpulse_Cdn_Cache,561
Mpulse_Origin_Time,561
Priority,540
X-Amz-Cf-Pop,527
X-Amz-Cf-Id,527
X-Cdn,506
Content-Md5,430
X-Ms-Request-Id,402
X-Ms-Version,402
Reporting-Endpoints,401
X-Ms-Lease-Status,400
X-Ms-Blob-Type,400
X-Proxy-Cache-Info,400
Host-Header,400
X-Accel-Version,400
X-Mnet-Hl2,400
Public-Key-Pins,399
X-Content-Type-Options ,398
Cross-Origin-Opener-Policy-Report-Only,397
X-Azure-Ref-Originshield,386
X-Proxy-Cache,383
X-Sucuri-Id,383
X-Sucuri-Cache,383
Apptrana-Request-Id,378
X-Storage-Error-Category,377
Appgn,372
Imagemagick_Im4Java,372
Feature-Policy,365
Content-Digest,359
X-Needle-Checksum,358
Cf-Resized,357
X-Fbtype,354
X-Nextjs-Cache,341
X-Mp-Xae2,338
X-Server-Version-Bin,315
X-Guploader-Uploadid,308
X-Goog-Generation,308
X-Goog-Metageneration,308
X-Goog-Stored-Content-Encoding,308
X-Goog-Stored-Content-Length,308
X-Goog-Hash,308
X-Goog-Storage-Class,308
X-Amz-Storage-Class,306
X-Iinfo,306
X-Reqid,296
X-Fb-Trip-Id,252
Akamai-Grn,248
Fastly-Restarts,242
X-Vercel-Cache,233
X-Vercel-Id,233
Fastly-Io-Warning,222
X-Amz-Meta-Cb-Modifiedtime,216
X-Turbo-Charged-By,216
Content-Language,215
X-Envoy-Upstream-Service-Time,213
Content-Transfer-Encoding,203
X-Animated,201
X-Canonical-Ops,201
X-Image-Dimensions,201
X-Source-Image-Dimensions,201
F-Cdn,200
X-Img-Class,200
Httpsonly,200
X-Firefox-Spdy,200
X-Cloud-Trace-Context,200
X-Cache-Hit,200
X-Cache-Id,200
Ki-Cache-Type,200
Ki-Cf-Cache-Status,200
Ki-Edge,200
X-Edge-Location-Klb,200
X-Tata-Request-Id,200
X-Version,200
X-Real-Ip,200
Accept-Ch,200
Origin,200
X-Do-Cdn-Uuid,200
X-Httpd,200
X-Cdn-C,200
X-Sg-Cdn,200
X-Rocket-Nginx-Serving-Static,200
X-Rocket-Nginx-Reason,200
X-Rocket-Nginx-File,200
X-Cache-Key,200
X-Origin-Host,200
X-Cache-Backend,200
X-Cache-Status,200
Surrogate-Key,200
X-Backend-Host,200
X-Gateway-Host,200
Akamai-Mon-Iucid-Del,200
X-Ip-Source,200
X-Ai-Grn,200
X-Mg-Request-Uuid,200
X-Runtime,200
X-Dynatrace,200
X-Ua-Compatibility,200
Cf-Images,200
X-Sid,199
X-Amz-Meta-Surrogate-Key,199
X-Aspnetmvc-Version,198
X-Hw,198
Amp-Access-Control-Allow-Source-Origin,198
X-Cache-Nxaccel,198
X-Vhost,198
X-Ai-Status,198
X-Amz-Expiration,197
X-Amz-Meta-Cleanquerystring,197
X-Aka-Bypass-Rule,197
Content-Range,197
Cf-Ipcountry,197
X-Ah-Environment,197
X-Amz-Meta-S3B-Last-Modified,196
User-Agent,195
X-Trace-Id,188
X-Gumlet-Oc,186
Locationheader,182
Statictime,179
X-Server,179
Microsoftsharepointteamservices,171
X-Ms-Invokeapp,171
Resourcetag,169
Public-Extension,169
Request-Id,169
Sprequestduration,169
Spiislatency,169
X-Instana-L,164
X-Instana-S,164
X-Instana-T,164
X-Cached,163
X-Envoy-Decorator-Operation,156
Fastly-Io-Served-By,149
X-Akamai-Im-Skip-Dlr,146
X-Nx-Resp,145
X-Image-Server-Product,144
X-Image-Server-Response,144
X-Image-Server-Original-Size,144
X-Im-Original-Width,144
X-Image-Server-Store-Time,144
X-Im-Result-Width,144
X-Im-Policy-Version,144
Im-Processed-By,136
X-Matched-Path,132
X-Image-Server-Fetch-Real,127
X-Image-Server-Cpu-Real,127
X-Image-Server-Cost-Estimate,127
X-Image-Server-Cost-Real,127
Cachettl,124
X-Haystack-Needlechecksum,122
Edge-Start,114
Origin-Latency,114
X-Image-Server-Fetch-Estimate,111
X-Image-Server-Cpu-Estimate,111
X-Datastream-Cache-Status,108
Vha6-Origin,107
Image-Debug-Turnaroundrtime,98
Image-Debug-Transfertime,98
Image-Debug-Clientrtt,98
Image-Debug-Status,98
Imageprocessedby,91
X-Edgeconnect-Midmile-Rtt,89
X-Edgeconnect-Origin-Mex-Latency,89
X-Rq,82
Cache-Tag,77
Edge-Cache-Tag,69
X-Akamai-Note,65
X-Debug-Resp,55
X-Amz-Meta-S3Cmd-Attrs,53
X-Ratelimit-Limit,50
X-Ratelimit-Remaining,50
X-Ratelimit-Reset,50
X-Debug,50
X-Vcl-Time-Ms,50
Req-Referer,49
Surrogate-Reporting,48
Proxy-Status,48
X-Datastream-Midmile-Rtt,46
X-Datastream-Origin-Mex-Latency,46
Cross-Origin-Opener-Policy,45
Status,40
X-Cache-Override,40
Cross-Origin-Embedder-Policy,36
X-Amz-Meta-Origurl,33
Content-Security-Policy-Report-Only,32
X-Amz-Meta-Mtime,29
X-Amz-Restore,27
X-Hs-Https-Only,27
X-Upstream-Checksum-Algorithm,23
X-Amz-Meta-Cache-Tag,19
X-Hs-Cf-Lambda,19
X-Hs-Cf-Lambda-Enforce,19
Headerserver,18
X-Host,18
X-Im2G-Akamai-Auth-Sign,17
X-Im2G-Akamai-Auth-Data,17
Thrift_Fmhk,15
Edge-Control,11
X-Commit-Sha,10
X-Datadome,10
Expiration,10
X-Dispatcher,9
X-Wasabi-Cm-Reference-Id,9
X-Amz-Meta-Created-Unix-Time-Millis,9
X-Amz-Meta-Index-Tag,9
Perma-Cache,8
X-Hs-Alternate-Content-Type,6
Cdn-Storageserver,5
Cdn-Fileserver,5
X-Cache-Lookup,5
X-Amz-Meta-Fl-Original-Last-Modified,4
Unused62,3
Dummy,3
Geolocation,3
X-Bill,3
X-Uid,3
Cdn-Storagebalancer,3
X-Bo-Server,3
X-Downloadsize,3
X-Bo-Origindownloadtime,3
X-Bo-Processingtime,3
X-Bo-Compressionratio,3
X-Served,3
X-Backend,3
X-Rtd-Project,3
X-Rtd-Version,3
X-Rtd-Path,3
X-Rtd-Domain,3
X-Rtd-Version-Method,3
X-Rtd-Project-Method,3
Cdn-Cache-Control,3
Offloaded,3
Access-Control-Expose-Header,2
Stream-Dw-Version,2
X-Backend-Name,2
X-Nocache,2
Content-Location,2
Tcn,2
Allow,1
X-Amz-Meta-Cache-Control,1
X-Sfdc-Request-Id,1
Service-Worker-Allowed,1
Traceresponse,1
X-Debug-Info,1
X-Platform-Server,1
